budget_share,strategy,abc_class,forecast_units,allocated_units,fulfilled_units,excess_units,procurement_spend,excess_inventory_cost,estimated_revenue,coverage_pct
0.5,Proportional,A,864227.0,432012,432012.0,0.0,673609.404,0.0,1122682.34,49.98825540049084
0.5,Proportional,B,212179.0,106092,106092.0,0.0,271130.658,0.0,451884.43,50.00117825043949
0.5,Proportional,C,100105.0,50101,50101.0,0.0,155564.616,0.0,259274.36000000002,50.048449128415164
0.5,ABC-prioritised,A,864227.0,746236,746236.0,0.0,1100304.696,0.0,1833841.16,86.34722127404027
0.5,ABC-prioritised,B,212179.0,0,0.0,0.0,0.0,0.0,0.0,0.0
0.5,ABC-prioritised,C,100105.0,0,0.0,0.0,0.0,0.0,0.0,0.0
0.7,Proportional,A,864227.0,604777,604777.0,0.0,943048.566,0.0,1571747.61,69.97895228915552
0.7,Proportional,B,212179.0,148496,148496.0,0.0,379618.734,0.0,632697.89,69.98619090484921
0.7,Proportional,C,100105.0,70184,70184.0,0.0,217759.28399999999,0.0,362932.14,70.11038409669847
0.7,ABC-prioritised,A,864227.0,864227,864227.0,0.0,1347686.25,0.0,2246143.75,100.0
0.7,ABC-prioritised,B,212179.0,83813,83813.0,0.0,192740.304,0.0,321233.84,39.501081633903446
0.7,ABC-prioritised,C,100105.0,1,1.0,0.0,0.03,0.0,0.05,0.0009989511013435892
0.9,Proportional,A,864227.0,777556,777556.0,0.0,1212551.028,0.0,2020918.3800000001,89.97126912258007
0.9,Proportional,B,212179.0,190761,190761.0,0.0,487518.792,0.0,812531.3200000001,89.90569283482343
0.9,Proportional,C,100105.0,90339,90339.0,0.0,280478.646,0.0,467464.41000000003,90.2442435442785
0.9,ABC-prioritised,A,864227.0,864227,864227.0,0.0,1347686.25,0.0,2246143.75,100.0
0.9,ABC-prioritised,B,212179.0,212179,212179.0,0.0,542371.044,0.0,903951.74,100.0
0.9,ABC-prioritised,C,100105.0,34157,34157.0,0.0,90491.154,0.0,150818.59,34.12117276859298
