month,total_units,observed_days,days_in_month
2011-02-01,726375.0,28,28
2011-03-01,763567.0,31,31
2011-04-01,737713.0,30,30
2011-05-01,719562.0,31,31
2011-06-01,753380.0,30,30
2011-07-01,819820.0,31,31
2011-08-01,825694.0,31,31
2011-09-01,813683.0,30,30
2011-10-01,898243.0,31,31
2011-11-01,823087.0,30,30
2011-12-01,887298.0,31,31
2012-01-01,893375.0,31,31
2012-02-01,897990.0,29,29
2012-03-01,986894.0,31,31
2012-04-01,944858.0,30,30
2012-05-01,997746.0,31,31
2012-06-01,1095609.0,30,30
2012-07-01,1080777.0,31,31
2012-08-01,1102780.0,31,31
2012-09-01,1064364.0,30,30
2012-10-01,1006308.0,31,31
2012-11-01,960684.0,30,30
2012-12-01,1030452.0,31,31
2013-01-01,1008560.0,31,31
2013-02-01,1010660.0,28,28
2013-03-01,1117570.0,31,31
2013-04-01,1034036.0,30,30
2013-05-01,1074683.0,31,31
2013-06-01,1135593.0,30,30
2013-07-01,1159467.0,31,31
2013-08-01,1204813.0,31,31
2013-09-01,1166515.0,30,30
2013-10-01,1124523.0,31,31
2013-11-01,1044799.0,30,30
2013-12-01,1054534.0,31,31
2014-01-01,1057012.0,31,31
2014-02-01,1009760.0,28,28
2014-03-01,1123706.0,31,31
2014-04-01,1104287.0,30,30
2014-05-01,1093092.0,31,31
2014-06-01,1110031.0,30,30
2014-07-01,1151764.0,31,31
2014-08-01,1184102.0,31,31
2014-09-01,1088414.0,30,30
2014-10-01,1103078.0,31,31
2014-11-01,1051078.0,30,30
2014-12-01,1013452.0,31,31
2015-01-01,1083115.0,31,31
2015-02-01,1031877.0,28,28
2015-03-01,1119727.0,31,31
2015-04-01,1093429.0,30,30
2015-05-01,1153014.0,31,31
2015-06-01,1155599.0,30,30
2015-07-01,1232147.0,31,31
2015-08-01,1254341.0,31,31
2015-09-01,1188913.0,30,30
2015-10-01,1248437.0,31,31
2015-11-01,1113976.0,30,30
2015-12-01,1126236.0,31,31
2016-01-01,1215286.0,31,31
2016-02-01,1212927.0,29,29
2016-03-01,1275746.0,31,31
