month_number,month_name,total_units,index
1,January,1051469.6,100.9766910626764
2,February,981598.1666666666,94.2666671705863
3,March,1064535.0,102.23141194039864
4,April,982864.6,94.38828766009117
5,May,1007619.4,96.76558681540516
6,June,1050042.4,100.83963152858746
7,July,1088795.0,104.5611935386308
8,August,1114346.0,107.01495485835176
9,September,1064377.8,102.21631541660467
10,October,1076117.8,103.34375300783492
11,November,998724.8,95.91140398755537
12,December,1022394.4,98.18448719108035
